symbol,date,close,volume,ret_1,vol_ratio,ret_1_lag1,ret_1_lag2,ret_1_lag3,vol_ratio_lag1,vol_ratio_lag2,vol_ratio_lag3,is_price_lt_500,top_buyer,top_buyer_concentration,top_buyer_net_value,total_net_value,num_buyers,num_sellers,num_brokers,retail_broker_ratio
AADI,2025-09-02,,,,,,,,,,,0,,,,,,,,
AALI,2025-09-02,,,,,,,,,,,0,,,,,,,,
ABBA,2025-09-02,,,,,,,,,,,0,,,,,,,,
ABDA,2025-09-02,,,,,,,,,,,0,,,,,,,,
ABMM,2025-09-02,,,,,,,,,,,0,,,,,,,,
ACES,2025-09-02,,,,,,,,,,,0,,,,,,,,
ACRO,2025-09-02,,,,,,,,,,,0,,,,,,,,
ACST,2025-09-02,,,,,,,,,,,0,,,,,,,,
ADCP,2025-09-02,,,,,,,,,,,0,,,,,,,,
ADES,2025-09-02,,,,,,,,,,,0,,,,,,,,
ADHI,2025-09-02,,,,,,,,,,,0,,,,,,,,
ADMF,2025-09-02,,,,,,,,,,,0,,,,,,,,
ADMG,2025-09-02,,,,,,,,,,,0,,,,,,,,
ADMR,2025-09-02,,,,,,,,,,,0,,,,,,,,
ADRO,2025-09-02,,,,,,,,,,,0,,,,,,,,
AEGS,2025-09-02,,,,,,,,,,,0,,,,,,,,
AGAR,2025-09-02,,,,,,,,,,,0,,,,,,,,
AGII,2025-09-02,,,,,,,,,,,0,,,,,,,,
AGRO,2025-09-02,,,,,,,,,,,0,,,,,,,,
AGRS,2025-09-02,,,,,,,,,,,0,,,,,,,,
AHAP,2025-09-02,,,,,,,,,,,0,,,,,,,,
AIMS,2025-09-02,,,,,,,,,,,0,,,,,,,,
AISA,2025-09-02,,,,,,,,,,,0,,,,,,,,
AKKU,2025-09-02,,,,,,,,,,,0,,,,,,,,
AKPI,2025-09-02,,,,,,,,,,,0,,,,,,,,
AKRA,2025-09-02,,,,,,,,,,,0,,,,,,,,
AKSI,2025-09-02,,,,,,,,,,,0,,,,,,,,
ALDO,2025-09-02,,,,,,,,,,,0,,,,,,,,
ALII,2025-09-02,,,,,,,,,,,0,,,,,,,,
ALKA,2025-09-02,,,,,,,,,,,0,,,,,,,,
ALMI,2025-09-02,,,,,,,,,,,0,,,,,,,,
ALTO,2025-09-02,,,,,,,,,,,0,,,,,,,,
AMAG,2025-09-02,,,,,,,,,,,0,,,,,,,,
AMAN,2025-09-02,,,,,,,,,,,0,,,,,,,,
AMAR,2025-09-02,,,,,,,,,,,0,,,,,,,,
AMFG,2025-09-02,,,,,,,,,,,0,,,,,,,,
AMIN,2025-09-02,,,,,,,,,,,0,,,,,,,,
AMMN,2025-09-02,,,,,,,,,,,0,,,,,,,,
AMMS,2025-09-02,,,,,,,,,,,0,,,,,,,,
AMOR,2025-09-02,,,,,,,,,,,0,,,,,,,,
AMRT,2025-09-02,,,,,,,,,,,0,,,,,,,,
ANDI,2025-09-02,,,,,,,,,,,0,,,,,,,,
ANJT,2025-09-02,,,,,,,,,,,0,,,,,,,,
ANTM,2025-09-02,,,,,,,,,,,0,,,,,,,,
APEX,2025-09-02,,,,,,,,,,,0,,,,,,,,
APIC,2025-09-02,,,,,,,,,,,0,,,,,,,,
APII,2025-09-02,,,,,,,,,,,0,,,,,,,,
APLI,2025-09-02,,,,,,,,,,,0,,,,,,,,
APLN,2025-09-02,,,,,,,,,,,0,,,,,,,,
ARCI,2025-09-02,,,,,,,,,,,0,,,,,,,,
AREA,2025-09-02,,,,,,,,,,,0,,,,,,,,
ARGO,2025-09-02,,,,,,,,,,,0,,,,,,,,
ARII,2025-09-02,,,,,,,,,,,0,,,,,,,,
ARKA,2025-09-02,,,,,,,,,,,0,,,,,,,,
ARKO,2025-09-02,,,,,,,,,,,0,,,,,,,,
ARMY,2025-09-02,,,,,,,,,,,0,,,,,,,,
ARNA,2025-09-02,,,,,,,,,,,0,,,,,,,,
ARTA,2025-09-02,,,,,,,,,,,0,,,,,,,,
ARTI,2025-09-02,,,,,,,,,,,0,,,,,,,,
ARTO,2025-09-02,,,,,,,,,,,0,,,,,,,,
ASBI,2025-09-02,,,,,,,,,,,0,,,,,,,,
ASDM,2025-09-02,,,,,,,,,,,0,,,,,,,,
ASGR,2025-09-02,,,,,,,,,,,0,,,,,,,,
ASHA,2025-09-02,,,,,,,,,,,0,,,,,,,,
ASII,2025-09-02,,,,,,,,,,,0,,,,,,,,
ASJT,2025-09-02,,,,,,,,,,,0,,,,,,,,
ASLC,2025-09-02,,,,,,,,,,,0,,,,,,,,
ASLI,2025-09-02,,,,,,,,,,,0,,,,,,,,
ASMI,2025-09-02,,,,,,,,,,,0,,,,,,,,
ASPI,2025-09-02,,,,,,,,,,,0,,,,,,,,
ASPR,2025-09-02,,,,,,,,,,,0,,,,,,,,
ASRI,2025-09-02,,,,,,,,,,,0,,,,,,,,
ASRM,2025-09-02,,,,,,,,,,,0,,,,,,,,
ASSA,2025-09-02,,,,,,,,,,,0,,,,,,,,
ATAP,2025-09-02,,,,,,,,,,,0,,,,,,,,
ATIC,2025-09-02,,,,,,,,,,,0,,,,,,,,
ATLA,2025-09-02,,,,,,,,,,,0,,,,,,,,
AUTO,2025-09-02,,,,,,,,,,,0,,,,,,,,
AVIA,2025-09-02,,,,,,,,,,,0,,,,,,,,
AWAN,2025-09-02,,,,,,,,,,,0,,,,,,,,
AXIO,2025-09-02,,,,,,,,,,,0,,,,,,,,
AYAM,2025-09-02,,,,,,,,,,,0,,,,,,,,
AYLS,2025-09-02,,,,,,,,,,,0,,,,,,,,
BABP,2025-09-02,,,,,,,,,,,0,,,,,,,,
BABY,2025-09-02,,,,,,,,,,,0,,,,,,,,
BACA,2025-09-02,,,,,,,,,,,0,,,,,,,,
BAIK,2025-09-02,,,,,,,,,,,0,,,,,,,,
BAJA,2025-09-02,,,,,,,,,,,0,,,,,,,,
BALI,2025-09-02,,,,,,,,,,,0,,,,,,,,
BANK,2025-09-02,,,,,,,,,,,0,,,,,,,,
BAPA,2025-09-02,,,,,,,,,,,0,,,,,,,,
BAPI,2025-09-02,,,,,,,,,,,0,,,,,,,,
BATA,2025-09-02,,,,,,,,,,,0,,,,,,,,
BATR,2025-09-02,,,,,,,,,,,0,,,,,,,,
BAUT,2025-09-02,,,,,,,,,,,0,,,,,,,,
BAYU,2025-09-02,,,,,,,,,,,0,,,,,,,,
BBCA,2025-09-02,,,,,,,,,,,0,YP,0.3823754691896759,174624975000.0,-305980117500.0,10.0,10.0,20.0,0.2
BBHI,2025-09-02,,,,,,,,,,,0,,,,,,,,
BBKP,2025-09-02,,,,,,,,,,,0,,,,,,,,
BBLD,2025-09-02,,,,,,,,,,,0,,,,,,,,
BBMD,2025-09-02,,,,,,,,,,,0,,,,,,,,
BBNI,2025-09-02,,,,,,,,,,,0,BK,0.5910900461009962,45271880000.0,8366623000.0,10.0,10.0,20.0,0.25
BBRI,2025-09-02,,,,,,,,,,,0,BK,0.6094197633848827,147961198000.0,11609060000.0,10.0,10.0,20.0,0.2
BBRM,2025-09-02,,,,,,,,,,,0,,,,,,,,
BBSI,2025-09-02,,,,,,,,,,,0,,,,,,,,
BBSS,2025-09-02,,,,,,,,,,,0,,,,,,,,
BBTN,2025-09-02,,,,,,,,,,,0,,,,,,,,
BBYB,2025-09-02,,,,,,,,,,,0,,,,,,,,
BCAP,2025-09-02,,,,,,,,,,,0,,,,,,,,
BCIC,2025-09-02,,,,,,,,,,,0,,,,,,,,
BCIP,2025-09-02,,,,,,,,,,,0,,,,,,,,
BDKR,2025-09-02,,,,,,,,,,,0,,,,,,,,
BDMN,2025-09-02,,,,,,,,,,,0,,,,,,,,
BEBS,2025-09-02,,,,,,,,,,,0,,,,,,,,
BEEF,2025-09-02,,,,,,,,,,,0,,,,,,,,
BEER,2025-09-02,,,,,,,,,,,0,,,,,,,,
BEKS,2025-09-02,,,,,,,,,,,0,,,,,,,,
BELI,2025-09-02,,,,,,,,,,,0,,,,,,,,
BELL,2025-09-02,,,,,,,,,,,0,,,,,,,,
BESS,2025-09-02,,,,,,,,,,,0,,,,,,,,
BEST,2025-09-02,,,,,,,,,,,0,,,,,,,,
BFIN,2025-09-02,,,,,,,,,,,0,,,,,,,,
BGTG,2025-09-02,,,,,,,,,,,0,,,,,,,,
BHAT,2025-09-02,,,,,,,,,,,0,,,,,,,,
BHIT,2025-09-02,,,,,,,,,,,0,,,,,,,,
BIKA,2025-09-02,,,,,,,,,,,0,,,,,,,,
BIKE,2025-09-02,,,,,,,,,,,0,,,,,,,,
BIMA,2025-09-02,,,,,,,,,,,0,,,,,,,,
BINA,2025-09-02,,,,,,,,,,,0,,,,,,,,
BINO,2025-09-02,,,,,,,,,,,0,,,,,,,,
BIPI,2025-09-02,,,,,,,,,,,0,,,,,,,,
BIPP,2025-09-02,,,,,,,,,,,0,,,,,,,,
BIRD,2025-09-02,,,,,,,,,,,0,,,,,,,,
BISI,2025-09-02,,,,,,,,,,,0,,,,,,,,
BJBR,2025-09-02,,,,,,,,,,,0,,,,,,,,
BJTM,2025-09-02,,,,,,,,,,,0,,,,,,,,
BKDP,2025-09-02,,,,,,,,,,,0,,,,,,,,
BKSL,2025-09-02,,,,,,,,,,,0,,,,,,,,
BKSW,2025-09-02,,,,,,,,,,,0,,,,,,,,
BLES,2025-09-02,,,,,,,,,,,0,,,,,,,,
BLOG,2025-09-02,,,,,,,,,,,0,,,,,,,,
BLTA,2025-09-02,,,,,,,,,,,0,,,,,,,,
BLTZ,2025-09-02,,,,,,,,,,,0,,,,,,,,
BLUE,2025-09-02,,,,,,,,,,,0,,,,,,,,
BMAS,2025-09-02,,,,,,,,,,,0,,,,,,,,
BMBL,2025-09-02,,,,,,,,,,,0,,,,,,,,
BMHS,2025-09-02,,,,,,,,,,,0,,,,,,,,
BMRI,2025-09-02,,,,,,,,,,,0,,,,,,,,
BMSR,2025-09-02,,,,,,,,,,,0,,,,,,,,
BMTR,2025-09-02,,,,,,,,,,,0,,,,,,,,
BNBA,2025-09-02,,,,,,,,,,,0,,,,,,,,
BNBR,2025-09-02,,,,,,,,,,,0,,,,,,,,
BNGA,2025-09-02,,,,,,,,,,,0,,,,,,,,
BNII,2025-09-02,,,,,,,,,,,0,,,,,,,,
BNLI,2025-09-02,,,,,,,,,,,0,,,,,,,,
BOAT,2025-09-02,,,,,,,,,,,0,,,,,,,,
BOBA,2025-09-02,,,,,,,,,,,0,,,,,,,,
BOGA,2025-09-02,,,,,,,,,,,0,,,,,,,,
BOLA,2025-09-02,,,,,,,,,,,0,,,,,,,,
BOLT,2025-09-02,,,,,,,,,,,0,,,,,,,,
BOSS,2025-09-02,,,,,,,,,,,0,,,,,,,,
BPFI,2025-09-02,,,,,,,,,,,0,,,,,,,,
BPII,2025-09-02,,,,,,,,,,,0,,,,,,,,
BPTR,2025-09-02,,,,,,,,,,,0,,,,,,,,
BRAM,2025-09-02,,,,,,,,,,,0,,,,,,,,
BREN,2025-09-02,,,,,,,,,,,0,,,,,,,,
BRIS,2025-09-02,,,,,,,,,,,0,,,,,,,,
BRMS,2025-09-02,,,,,,,,,,,0,,,,,,,,
BRNA,2025-09-02,,,,,,,,,,,0,,,,,,,,
BRPT,2025-09-02,,,,,,,,,,,0,,,,,,,,
BRRC,2025-09-02,,,,,,,,,,,0,,,,,,,,
BSBK,2025-09-02,,,,,,,,,,,0,,,,,,,,
BSDE,2025-09-02,,,,,,,,,,,0,,,,,,,,
BSIM,2025-09-02,,,,,,,,,,,0,,,,,,,,
BSML,2025-09-02,,,,,,,,,,,0,,,,,,,,
BSSR,2025-09-02,,,,,,,,,,,0,,,,,,,,
BSWD,2025-09-02,,,,,,,,,,,0,,,,,,,,
BTEK,2025-09-02,,,,,,,,,,,0,,,,,,,,
BTEL,2025-09-02,,,,,,,,,,,0,,,,,,,,
BTON,2025-09-02,,,,,,,,,,,0,,,,,,,,
BTPN,2025-09-02,,,,,,,,,,,0,,,,,,,,
BTPS,2025-09-02,,,,,,,,,,,0,,,,,,,,
BUAH,2025-09-02,,,,,,,,,,,0,,,,,,,,
BUDI,2025-09-02,,,,,,,,,,,0,,,,,,,,
BUKA,2025-09-02,,,,,,,,,,,0,,,,,,,,
BUKK,2025-09-02,,,,,,,,,,,0,,,,,,,,
BULL,2025-09-02,,,,,,,,,,,0,,,,,,,,
BUMI,2025-09-02,,,,,,,,,,,0,,,,,,,,
BUVA,2025-09-02,,,,,,,,,,,0,,,,,,,,
BVIC,2025-09-02,,,,,,,,,,,0,,,,,,,,
BWPT,2025-09-02,,,,,,,,,,,0,,,,,,,,
BYAN,2025-09-02,,,,,,,,,,,0,,,,,,,,
CAKK,2025-09-02,,,,,,,,,,,0,,,,,,,,
CAMP,2025-09-02,,,,,,,,,,,0,,,,,,,,
CANI,2025-09-02,,,,,,,,,,,0,,,,,,,,
CARE,2025-09-02,,,,,,,,,,,0,,,,,,,,
CARS,2025-09-02,,,,,,,,,,,0,,,,,,,,
CASA,2025-09-02,,,,,,,,,,,0,,,,,,,,
CASH,2025-09-02,,,,,,,,,,,0,,,,,,,,
CASS,2025-09-02,,,,,,,,,,,0,,,,,,,,
CBDK,2025-09-02,,,,,,,,,,,0,,,,,,,,
CBMF,2025-09-02,,,,,,,,,,,0,,,,,,,,
CBPE,2025-09-02,,,,,,,,,,,0,,,,,,,,
CBRE,2025-09-02,,,,,,,,,,,0,,,,,,,,
CBUT,2025-09-02,,,,,,,,,,,0,,,,,,,,
CCSI,2025-09-02,,,,,,,,,,,0,,,,,,,,
CDIA,2025-09-02,,,,,,,,,,,0,,,,,,,,
CEKA,2025-09-02,,,,,,,,,,,0,,,,,,,,
CENT,2025-09-02,,,,,,,,,,,0,,,,,,,,
CFIN,2025-09-02,,,,,,,,,,,0,,,,,,,,
CGAS,2025-09-02,,,,,,,,,,,0,,,,,,,,
CHEK,2025-09-02,,,,,,,,,,,0,,,,,,,,
CHEM,2025-09-02,,,,,,,,,,,0,,,,,,,,
CHIP,2025-09-02,,,,,,,,,,,0,,,,,,,,
CINT,2025-09-02,,,,,,,,,,,0,,,,,,,,
CITA,2025-09-02,,,,,,,,,,,0,,,,,,,,
CITY,2025-09-02,,,,,,,,,,,0,,,,,,,,
CLAY,2025-09-02,,,,,,,,,,,0,,,,,,,,
CLEO,2025-09-02,,,,,,,,,,,0,,,,,,,,
CLPI,2025-09-02,,,,,,,,,,,0,,,,,,,,
CMNP,2025-09-02,,,,,,,,,,,0,,,,,,,,
CMNT,2025-09-02,,,,,,,,,,,0,,,,,,,,
CMPP,2025-09-02,,,,,,,,,,,0,,,,,,,,
CMRY,2025-09-02,,,,,,,,,,,0,,,,,,,,
CNKO,2025-09-02,,,,,,,,,,,0,,,,,,,,
CNMA,2025-09-02,,,,,,,,,,,0,,,,,,,,
CNTX,2025-09-02,,,,,,,,,,,0,,,,,,,,
COAL,2025-09-02,,,,,,,,,,,0,,,,,,,,
COCO,2025-09-02,,,,,,,,,,,0,,,,,,,,
COIN,2025-09-02,,,,,,,,,,,0,,,,,,,,
COWL,2025-09-02,,,,,,,,,,,0,,,,,,,,
CPIN,2025-09-02,,,,,,,,,,,0,,,,,,,,
CPRI,2025-09-02,,,,,,,,,,,0,,,,,,,,
CPRO,2025-09-02,,,,,,,,,,,0,,,,,,,,
CRAB,2025-09-02,,,,,,,,,,,0,,,,,,,,
CRSN,2025-09-02,,,,,,,,,,,0,,,,,,,,
CSAP,2025-09-02,,,,,,,,,,,0,,,,,,,,
CSIS,2025-09-02,,,,,,,,,,,0,,,,,,,,
CSMI,2025-09-02,,,,,,,,,,,0,,,,,,,,
CSRA,2025-09-02,,,,,,,,,,,0,,,,,,,,
CTBN,2025-09-02,,,,,,,,,,,0,,,,,,,,
CTRA,2025-09-02,,,,,,,,,,,0,,,,,,,,
CTTH,2025-09-02,,,,,,,,,,,0,,,,,,,,
CUAN,2025-09-02,,,,,,,,,,,0,,,,,,,,
CYBR,2025-09-02,,,,,,,,,,,0,,,,,,,,
DAAZ,2025-09-02,,,,,,,,,,,0,,,,,,,,
DADA,2025-09-02,,,,,,,,,,,0,,,,,,,,
DART,2025-09-02,,,,,,,,,,,0,,,,,,,,
DATA,2025-09-02,,,,,,,,,,,0,,,,,,,,
DAYA,2025-09-02,,,,,,,,,,,0,,,,,,,,
DCII,2025-09-02,,,,,,,,,,,0,,,,,,,,
DEAL,2025-09-02,,,,,,,,,,,0,,,,,,,,
DEFI,2025-09-02,,,,,,,,,,,0,,,,,,,,
DEPO,2025-09-02,,,,,,,,,,,0,,,,,,,,
DEWA,2025-09-02,,,,,,,,,,,0,,,,,,,,
DEWI,2025-09-02,,,,,,,,,,,0,,,,,,,,
DFAM,2025-09-02,,,,,,,,,,,0,,,,,,,,
DGIK,2025-09-02,,,,,,,,,,,0,,,,,,,,
DGNS,2025-09-02,,,,,,,,,,,0,,,,,,,,
DGWG,2025-09-02,,,,,,,,,,,0,,,,,,,,
DIGI,2025-09-02,,,,,,,,,,,0,,,,,,,,
DILD,2025-09-02,,,,,,,,,,,0,,,,,,,,
DIVA,2025-09-02,,,,,,,,,,,0,,,,,,,,
DKFT,2025-09-02,,,,,,,,,,,0,,,,,,,,
DKHH,2025-09-02,,,,,,,,,,,0,,,,,,,,
DLTA,2025-09-02,,,,,,,,,,,0,,,,,,,,
DMAS,2025-09-02,,,,,,,,,,,0,,,,,,,,
DMMX,2025-09-02,,,,,,,,,,,0,,,,,,,,
DMND,2025-09-02,,,,,,,,,,,0,,,,,,,,
DNAR,2025-09-02,,,,,,,,,,,0,,,,,,,,
DNET,2025-09-02,,,,,,,,,,,0,,,,,,,,
DOID,2025-09-02,,,,,,,,,,,0,,,,,,,,
DOOH,2025-09-02,,,,,,,,,,,0,,,,,,,,
DOSS,2025-09-02,,,,,,,,,,,0,,,,,,,,
DPNS,2025-09-02,,,,,,,,,,,0,,,,,,,,
DPUM,2025-09-02,,,,,,,,,,,0,,,,,,,,
DRMA,2025-09-02,,,,,,,,,,,0,,,,,,,,
DSFI,2025-09-02,,,,,,,,,,,0,,,,,,,,
DSNG,2025-09-02,,,,,,,,,,,0,,,,,,,,
DSSA,2025-09-02,,,,,,,,,,,0,,,,,,,,
DUCK,2025-09-02,,,,,,,,,,,0,,,,,,,,
DUTI,2025-09-02,,,,,,,,,,,0,,,,,,,,
DVLA,2025-09-02,,,,,,,,,,,0,,,,,,,,
DWGL,2025-09-02,,,,,,,,,,,0,,,,,,,,
DYAN,2025-09-02,,,,,,,,,,,0,,,,,,,,
EAST,2025-09-02,,,,,,,,,,,0,,,,,,,,
ECII,2025-09-02,,,,,,,,,,,0,,,,,,,,
EDGE,2025-09-02,,,,,,,,,,,0,,,,,,,,
EKAD,2025-09-02,,,,,,,,,,,0,,,,,,,,
ELIT,2025-09-02,,,,,,,,,,,0,,,,,,,,
ELPI,2025-09-02,,,,,,,,,,,0,,,,,,,,
ELSA,2025-09-02,,,,,,,,,,,0,,,,,,,,
ELTY,2025-09-02,,,,,,,,,,,0,,,,,,,,
EMDE,2025-09-02,,,,,,,,,,,0,,,,,,,,
EMTK,2025-09-02,,,,,,,,,,,0,,,,,,,,
ENAK,2025-09-02,,,,,,,,,,,0,,,,,,,,
ENRG,2025-09-02,,,,,,,,,,,0,,,,,,,,
ENVY,2025-09-02,,,,,,,,,,,0,,,,,,,,
ENZO,2025-09-02,,,,,,,,,,,0,,,,,,,,
EPAC,2025-09-02,,,,,,,,,,,0,,,,,,,,
EPMT,2025-09-02,,,,,,,,,,,0,,,,,,,,
ERAA,2025-09-02,,,,,,,,,,,0,,,,,,,,
ERAL,2025-09-02,,,,,,,,,,,0,,,,,,,,
ERTX,2025-09-02,,,,,,,,,,,0,,,,,,,,
ESIP,2025-09-02,,,,,,,,,,,0,,,,,,,,
ESSA,2025-09-02,,,,,,,,,,,0,,,,,,,,
ESTA,2025-09-02,,,,,,,,,,,0,,,,,,,,
ESTI,2025-09-02,,,,,,,,,,,0,,,,,,,,
ETWA,2025-09-02,,,,,,,,,,,0,,,,,,,,
EURO,2025-09-02,,,,,,,,,,,0,,,,,,,,
EXCL,2025-09-02,,,,,,,,,,,0,,,,,,,,
FAPA,2025-09-02,,,,,,,,,,,0,,,,,,,,
FAST,2025-09-02,,,,,,,,,,,0,,,,,,,,
FASW,2025-09-02,,,,,,,,,,,0,,,,,,,,
FILM,2025-09-02,,,,,,,,,,,0,,,,,,,,
FIMP,2025-09-02,,,,,,,,,,,0,,,,,,,,
FIRE,2025-09-02,,,,,,,,,,,0,,,,,,,,
FISH,2025-09-02,,,,,,,,,,,0,,,,,,,,
FITT,2025-09-02,,,,,,,,,,,0,,,,,,,,
FLMC,2025-09-02,,,,,,,,,,,0,,,,,,,,
FMII,2025-09-02,,,,,,,,,,,0,,,,,,,,
FOLK,2025-09-02,,,,,,,,,,,0,,,,,,,,
FOOD,2025-09-02,,,,,,,,,,,0,,,,,,,,
FORE,2025-09-02,,,,,,,,,,,0,,,,,,,,
FORU,2025-09-02,,,,,,,,,,,0,,,,,,,,
FPNI,2025-09-02,,,,,,,,,,,0,,,,,,,,
FUJI,2025-09-02,,,,,,,,,,,0,,,,,,,,
FUTR,2025-09-02,,,,,,,,,,,0,,,,,,,,
FWCT,2025-09-02,,,,,,,,,,,0,,,,,,,,
GAMA,2025-09-02,,,,,,,,,,,0,,,,,,,,
GDST,2025-09-02,,,,,,,,,,,0,,,,,,,,
GDYR,2025-09-02,,,,,,,,,,,0,,,,,,,,
GEMA,2025-09-02,,,,,,,,,,,0,,,,,,,,
GEMS,2025-09-02,,,,,,,,,,,0,,,,,,,,
GGRM,2025-09-02,,,,,,,,,,,0,,,,,,,,
GGRP,2025-09-02,,,,,,,,,,,0,,,,,,,,
GHON,2025-09-02,,,,,,,,,,,0,,,,,,,,
GIAA,2025-09-02,,,,,,,,,,,0,,,,,,,,
GJTL,2025-09-02,,,,,,,,,,,0,,,,,,,,
GLOB,2025-09-02,,,,,,,,,,,0,,,,,,,,
GLVA,2025-09-02,,,,,,,,,,,0,,,,,,,,
GMFI,2025-09-02,,,,,,,,,,,0,,,,,,,,
GMTD,2025-09-02,,,,,,,,,,,0,,,,,,,,
GOLD,2025-09-02,,,,,,,,,,,0,,,,,,,,
GOLF,2025-09-02,,,,,,,,,,,0,,,,,,,,
GOLL,2025-09-02,,,,,,,,,,,0,,,,,,,,
GOOD,2025-09-02,,,,,,,,,,,0,,,,,,,,
GOTO,2025-09-02,,,,,,,,,,,0,,,,,,,,
GPRA,2025-09-02,,,,,,,,,,,0,,,,,,,,
GPSO,2025-09-02,,,,,,,,,,,0,,,,,,,,
GRIA,2025-09-02,,,,,,,,,,,0,,,,,,,,
GRPH,2025-09-02,,,,,,,,,,,0,,,,,,,,
GRPM,2025-09-02,,,,,,,,,,,0,,,,,,,,
GSMF,2025-09-02,,,,,,,,,,,0,,,,,,,,
GTBO,2025-09-02,,,,,,,,,,,0,,,,,,,,
GTRA,2025-09-02,,,,,,,,,,,0,,,,,,,,
GTSI,2025-09-02,,,,,,,,,,,0,,,,,,,,
GULA,2025-09-02,,,,,,,,,,,0,,,,,,,,
GUNA,2025-09-02,,,,,,,,,,,0,,,,,,,,
GWSA,2025-09-02,,,,,,,,,,,0,,,,,,,,
GZCO,2025-09-02,,,,,,,,,,,0,,,,,,,,
HADE,2025-09-02,,,,,,,,,,,0,,,,,,,,
HAIS,2025-09-02,,,,,,,,,,,0,,,,,,,,
HAJJ,2025-09-02,,,,,,,,,,,0,,,,,,,,
HALO,2025-09-02,,,,,,,,,,,0,,,,,,,,
HATM,2025-09-02,,,,,,,,,,,0,,,,,,,,
HBAT,2025-09-02,,,,,,,,,,,0,,,,,,,,
HDFA,2025-09-02,,,,,,,,,,,0,,,,,,,,
HDIT,2025-09-02,,,,,,,,,,,0,,,,,,,,
HEAL,2025-09-02,,,,,,,,,,,0,,,,,,,,
HELI,2025-09-02,,,,,,,,,,,0,,,,,,,,
HERO,2025-09-02,,,,,,,,,,,0,,,,,,,,
HEXA,2025-09-02,,,,,,,,,,,0,,,,,,,,
HGII,2025-09-02,,,,,,,,,,,0,,,,,,,,
HILL,2025-09-02,,,,,,,,,,,0,,,,,,,,
HITS,2025-09-02,,,,,,,,,,,0,,,,,,,,
HKMU,2025-09-02,,,,,,,,,,,0,,,,,,,,
HMSP,2025-09-02,,,,,,,,,,,0,,,,,,,,
HOKI,2025-09-02,,,,,,,,,,,0,,,,,,,,
HOME,2025-09-02,,,,,,,,,,,0,,,,,,,,
HOMI,2025-09-02,,,,,,,,,,,0,,,,,,,,
HOPE,2025-09-02,,,,,,,,,,,0,,,,,,,,
HOTL,2025-09-02,,,,,,,,,,,0,,,,,,,,
HRME,2025-09-02,,,,,,,,,,,0,,,,,,,,
HRTA,2025-09-02,,,,,,,,,,,0,,,,,,,,
HRUM,2025-09-02,,,,,,,,,,,0,,,,,,,,
HUMI,2025-09-02,,,,,,,,,,,0,,,,,,,,
HYGN,2025-09-02,,,,,,,,,,,0,,,,,,,,
IATA,2025-09-02,,,,,,,,,,,0,,,,,,,,
IBFN,2025-09-02,,,,,,,,,,,0,,,,,,,,
IBOS,2025-09-02,,,,,,,,,,,0,,,,,,,,
IBST,2025-09-02,,,,,,,,,,,0,,,,,,,,
ICBP,2025-09-02,,,,,,,,,,,0,,,,,,,,
ICON,2025-09-02,,,,,,,,,,,0,,,,,,,,
IDEA,2025-09-02,,,,,,,,,,,0,,,,,,,,
IDPR,2025-09-02,,,,,,,,,,,0,,,,,,,,
IFII,2025-09-02,,,,,,,,,,,0,,,,,,,,
IFSH,2025-09-02,,,,,,,,,,,0,,,,,,,,
IGAR,2025-09-02,,,,,,,,,,,0,,,,,,,,
IIKP,2025-09-02,,,,,,,,,,,0,,,,,,,,
IKAI,2025-09-02,,,,,,,,,,,0,,,,,,,,
IKAN,2025-09-02,,,,,,,,,,,0,,,,,,,,
IKBI,2025-09-02,,,,,,,,,,,0,,,,,,,,
IKPM,2025-09-02,,,,,,,,,,,0,,,,,,,,
IMAS,2025-09-02,,,,,,,,,,,0,,,,,,,,
IMJS,2025-09-02,,,,,,,,,,,0,,,,,,,,
IMPC,2025-09-02,,,,,,,,,,,0,,,,,,,,
INAF,2025-09-02,,,,,,,,,,,0,,,,,,,,
INAI,2025-09-02,,,,,,,,,,,0,,,,,,,,
INCF,2025-09-02,,,,,,,,,,,0,,,,,,,,
INCI,2025-09-02,,,,,,,,,,,0,,,,,,,,
INCO,2025-09-02,,,,,,,,,,,0,,,,,,,,
INDF,2025-09-02,,,,,,,,,,,0,,,,,,,,
INDO,2025-09-02,,,,,,,,,,,0,,,,,,,,
INDR,2025-09-02,,,,,,,,,,,0,,,,,,,,
INDS,2025-09-02,,,,,,,,,,,0,,,,,,,,
INDX,2025-09-02,,,,,,,,,,,0,,,,,,,,
INDY,2025-09-02,,,,,,,,,,,0,,,,,,,,
INET,2025-09-02,,,,,,,,,,,0,,,,,,,,
INKP,2025-09-02,,,,,,,,,,,0,,,,,,,,
INOV,2025-09-02,,,,,,,,,,,0,,,,,,,,
INPC,2025-09-02,,,,,,,,,,,0,,,,,,,,
INPP,2025-09-02,,,,,,,,,,,0,,,,,,,,
INPS,2025-09-02,,,,,,,,,,,0,,,,,,,,
INRU,2025-09-02,,,,,,,,,,,0,,,,,,,,
INTA,2025-09-02,,,,,,,,,,,0,,,,,,,,
INTD,2025-09-02,,,,,,,,,,,0,,,,,,,,
INTP,2025-09-02,,,,,,,,,,,0,,,,,,,,
IOTF,2025-09-02,,,,,,,,,,,0,,,,,,,,
IPAC,2025-09-02,,,,,,,,,,,0,,,,,,,,
IPCC,2025-09-02,,,,,,,,,,,0,,,,,,,,
IPCM,2025-09-02,,,,,,,,,,,0,,,,,,,,
IPOL,2025-09-02,,,,,,,,,,,0,,,,,,,,
IPPE,2025-09-02,,,,,,,,,,,0,,,,,,,,
IPTV,2025-09-02,,,,,,,,,,,0,,,,,,,,
IRRA,2025-09-02,,,,,,,,,,,0,,,,,,,,
IRSX,2025-09-02,,,,,,,,,,,0,,,,,,,,
ISAP,2025-09-02,,,,,,,,,,,0,,,,,,,,
ISAT,2025-09-02,,,,,,,,,,,0,,,,,,,,
ISEA,2025-09-02,,,,,,,,,,,0,,,,,,,,
ISSP,2025-09-02,,,,,,,,,,,0,,,,,,,,
ITIC,2025-09-02,,,,,,,,,,,0,,,,,,,,
ITMA,2025-09-02,,,,,,,,,,,0,,,,,,,,
ITMG,2025-09-02,,,,,,,,,,,0,,,,,,,,
JARR,2025-09-02,,,,,,,,,,,0,,,,,,,,
JAST,2025-09-02,,,,,,,,,,,0,,,,,,,,
JATI,2025-09-02,,,,,,,,,,,0,,,,,,,,
JAWA,2025-09-02,,,,,,,,,,,0,,,,,,,,
JAYA,2025-09-02,,,,,,,,,,,0,,,,,,,,
JECC,2025-09-02,,,,,,,,,,,0,,,,,,,,
JGLE,2025-09-02,,,,,,,,,,,0,,,,,,,,
JIHD,2025-09-02,,,,,,,,,,,0,,,,,,,,
JKON,2025-09-02,,,,,,,,,,,0,,,,,,,,
JMAS,2025-09-02,,,,,,,,,,,0,,,,,,,,
JPFA,2025-09-02,,,,,,,,,,,0,,,,,,,,
JRPT,2025-09-02,,,,,,,,,,,0,,,,,,,,
JSKY,2025-09-02,,,,,,,,,,,0,,,,,,,,
JSMR,2025-09-02,,,,,,,,,,,0,,,,,,,,
JSPT,2025-09-02,,,,,,,,,,,0,,,,,,,,
JTPE,2025-09-02,,,,,,,,,,,0,,,,,,,,
KAEF,2025-09-02,,,,,,,,,,,0,,,,,,,,
KAQI,2025-09-02,,,,,,,,,,,0,,,,,,,,
KARW,2025-09-02,,,,,,,,,,,0,,,,,,,,
KAYU,2025-09-02,,,,,,,,,,,0,,,,,,,,
KBAG,2025-09-02,,,,,,,,,,,0,,,,,,,,
KBLI,2025-09-02,,,,,,,,,,,0,,,,,,,,
KBLM,2025-09-02,,,,,,,,,,,0,,,,,,,,
KBLV,2025-09-02,,,,,,,,,,,0,,,,,,,,
KBRI,2025-09-02,,,,,,,,,,,0,,,,,,,,
KDSI,2025-09-02,,,,,,,,,,,0,,,,,,,,
KDTN,2025-09-02,,,,,,,,,,,0,,,,,,,,
KEEN,2025-09-02,,,,,,,,,,,0,,,,,,,,
KEJU,2025-09-02,,,,,,,,,,,0,,,,,,,,
KETR,2025-09-02,,,,,,,,,,,0,,,,,,,,
KIAS,2025-09-02,,,,,,,,,,,0,,,,,,,,
KICI,2025-09-02,,,,,,,,,,,0,,,,,,,,
KIJA,2025-09-02,,,,,,,,,,,0,,,,,,,,
KING,2025-09-02,,,,,,,,,,,0,,,,,,,,
KINO,2025-09-02,,,,,,,,,,,0,,,,,,,,
KIOS,2025-09-02,,,,,,,,,,,0,,,,,,,,
KJEN,2025-09-02,,,,,,,,,,,0,,,,,,,,
KKES,2025-09-02,,,,,,,,,,,0,,,,,,,,
KKGI,2025-09-02,,,,,,,,,,,0,,,,,,,,
KLAS,2025-09-02,,,,,,,,,,,0,,,,,,,,
KLBF,2025-09-02,,,,,,,,,,,0,,,,,,,,
KLIN,2025-09-02,,,,,,,,,,,0,,,,,,,,
KMDS,2025-09-02,,,,,,,,,,,0,,,,,,,,
KMTR,2025-09-02,,,,,,,,,,,0,,,,,,,,
KOBX,2025-09-02,,,,,,,,,,,0,,,,,,,,
KOCI,2025-09-02,,,,,,,,,,,0,,,,,,,,
KOIN,2025-09-02,,,,,,,,,,,0,,,,,,,,
KOKA,2025-09-02,,,,,,,,,,,0,,,,,,,,
KONI,2025-09-02,,,,,,,,,,,0,,,,,,,,
KOPI,2025-09-02,,,,,,,,,,,0,,,,,,,,
KOTA,2025-09-02,,,,,,,,,,,0,,,,,,,,
KPIG,2025-09-02,,,,,,,,,,,0,,,,,,,,
KRAS,2025-09-02,,,,,,,,,,,0,,,,,,,,
KREN,2025-09-02,,,,,,,,,,,0,,,,,,,,
KRYA,2025-09-02,,,,,,,,,,,0,,,,,,,,
KSIX,2025-09-02,,,,,,,,,,,0,,,,,,,,
KUAS,2025-09-02,,,,,,,,,,,0,,,,,,,,
LABA,2025-09-02,,,,,,,,,,,0,,,,,,,,
LABS,2025-09-02,,,,,,,,,,,0,,,,,,,,
LAJU,2025-09-02,,,,,,,,,,,0,,,,,,,,
LAND,2025-09-02,,,,,,,,,,,0,,,,,,,,
LAPD,2025-09-02,,,,,,,,,,,0,,,,,,,,
LCGP,2025-09-02,,,,,,,,,,,0,,,,,,,,
LCKM,2025-09-02,,,,,,,,,,,0,,,,,,,,
LEAD,2025-09-02,,,,,,,,,,,0,,,,,,,,
LFLO,2025-09-02,,,,,,,,,,,0,,,,,,,,
LIFE,2025-09-02,,,,,,,,,,,0,,,,,,,,
LINK,2025-09-02,,,,,,,,,,,0,,,,,,,,
LION,2025-09-02,,,,,,,,,,,0,,,,,,,,
LIVE,2025-09-02,,,,,,,,,,,0,,,,,,,,
LMAS,2025-09-02,,,,,,,,,,,0,,,,,,,,
LMAX,2025-09-02,,,,,,,,,,,0,,,,,,,,
LMPI,2025-09-02,,,,,,,,,,,0,,,,,,,,
LMSH,2025-09-02,,,,,,,,,,,0,,,,,,,,
LOPI,2025-09-02,,,,,,,,,,,0,,,,,,,,
LPCK,2025-09-02,,,,,,,,,,,0,,,,,,,,
LPGI,2025-09-02,,,,,,,,,,,0,,,,,,,,
LPIN,2025-09-02,,,,,,,,,,,0,,,,,,,,
LPKR,2025-09-02,,,,,,,,,,,0,,,,,,,,
LPLI,2025-09-02,,,,,,,,,,,0,,,,,,,,
LPPF,2025-09-02,,,,,,,,,,,0,,,,,,,,
LPPS,2025-09-02,,,,,,,,,,,0,,,,,,,,
LRNA,2025-09-02,,,,,,,,,,,0,,,,,,,,
LSIP,2025-09-02,,,,,,,,,,,0,,,,,,,,
LTLS,2025-09-02,,,,,,,,,,,0,,,,,,,,
LUCK,2025-09-02,,,,,,,,,,,0,,,,,,,,
LUCY,2025-09-02,,,,,,,,,,,0,,,,,,,,
MABA,2025-09-02,,,,,,,,,,,0,,,,,,,,
MAGP,2025-09-02,,,,,,,,,,,0,,,,,,,,
MAHA,2025-09-02,,,,,,,,,,,0,,,,,,,,
MAIN,2025-09-02,,,,,,,,,,,0,,,,,,,,
MANG,2025-09-02,,,,,,,,,,,0,,,,,,,,
MAPA,2025-09-02,,,,,,,,,,,0,,,,,,,,
MAPB,2025-09-02,,,,,,,,,,,0,,,,,,,,
MAPI,2025-09-02,,,,,,,,,,,0,,,,,,,,
MARI,2025-09-02,,,,,,,,,,,0,,,,,,,,
MARK,2025-09-02,,,,,,,,,,,0,,,,,,,,
MASA,2025-09-02,,,,,,,,,,,0,,,,,,,,
MASB,2025-09-02,,,,,,,,,,,0,,,,,,,,
MAXI,2025-09-02,,,,,,,,,,,0,,,,,,,,
MAYA,2025-09-02,,,,,,,,,,,0,,,,,,,,
MBAP,2025-09-02,,,,,,,,,,,0,,,,,,,,
MBMA,2025-09-02,,,,,,,,,,,0,,,,,,,,
MBSS,2025-09-02,,,,,,,,,,,0,,,,,,,,
MBTO,2025-09-02,,,,,,,,,,,0,,,,,,,,
MCAS,2025-09-02,,,,,,,,,,,0,,,,,,,,
MCOL,2025-09-02,,,,,,,,,,,0,,,,,,,,
MCOR,2025-09-02,,,,,,,,,,,0,,,,,,,,
MDIA,2025-09-02,,,,,,,,,,,0,,,,,,,,
MDIY,2025-09-02,,,,,,,,,,,0,,,,,,,,
MDKA,2025-09-02,,,,,,,,,,,0,,,,,,,,
MDKI,2025-09-02,,,,,,,,,,,0,,,,,,,,
MDLA,2025-09-02,,,,,,,,,,,0,,,,,,,,
MDLN,2025-09-02,,,,,,,,,,,0,,,,,,,,
MDRN,2025-09-02,,,,,,,,,,,0,,,,,,,,
MEDC,2025-09-02,,,,,,,,,,,0,,,,,,,,
MEDS,2025-09-02,,,,,,,,,,,0,,,,,,,,
MEGA,2025-09-02,,,,,,,,,,,0,,,,,,,,
MEJA,2025-09-02,,,,,,,,,,,0,,,,,,,,
MENN,2025-09-02,,,,,,,,,,,0,,,,,,,,
MERI,2025-09-02,,,,,,,,,,,0,,,,,,,,
MERK,2025-09-02,,,,,,,,,,,0,,,,,,,,
META,2025-09-02,,,,,,,,,,,0,,,,,,,,
MFIN,2025-09-02,,,,,,,,,,,0,,,,,,,,
MFMI,2025-09-02,,,,,,,,,,,0,,,,,,,,
MGLV,2025-09-02,,,,,,,,,,,0,,,,,,,,
MGNA,2025-09-02,,,,,,,,,,,0,,,,,,,,
MGRO,2025-09-02,,,,,,,,,,,0,,,,,,,,
MHKI,2025-09-02,,,,,,,,,,,0,,,,,,,,
MICE,2025-09-02,,,,,,,,,,,0,,,,,,,,
MIDI,2025-09-02,,,,,,,,,,,0,,,,,,,,
MIKA,2025-09-02,,,,,,,,,,,0,,,,,,,,
MINA,2025-09-02,,,,,,,,,,,0,,,,,,,,
MINE,2025-09-02,,,,,,,,,,,0,,,,,,,,
MIRA,2025-09-02,,,,,,,,,,,0,,,,,,,,
MITI,2025-09-02,,,,,,,,,,,0,,,,,,,,
MKAP,2025-09-02,,,,,,,,,,,0,,,,,,,,
MKNT,2025-09-02,,,,,,,,,,,0,,,,,,,,
MKPI,2025-09-02,,,,,,,,,,,0,,,,,,,,
MKTR,2025-09-02,,,,,,,,,,,0,,,,,,,,
MLBI,2025-09-02,,,,,,,,,,,0,,,,,,,,
MLIA,2025-09-02,,,,,,,,,,,0,,,,,,,,
MLPL,2025-09-02,,,,,,,,,,,0,,,,,,,,
MLPT,2025-09-02,,,,,,,,,,,0,,,,,,,,
MMIX,2025-09-02,,,,,,,,,,,0,,,,,,,,
MMLP,2025-09-02,,,,,,,,,,,0,,,,,,,,
MNCN,2025-09-02,,,,,,,,,,,0,,,,,,,,
MOLI,2025-09-02,,,,,,,,,,,0,,,,,,,,
MORA,2025-09-02,,,,,,,,,,,0,,,,,,,,
MPIX,2025-09-02,,,,,,,,,,,0,,,,,,,,
MPMX,2025-09-02,,,,,,,,,,,0,,,,,,,,
MPOW,2025-09-02,,,,,,,,,,,0,,,,,,,,
MPPA,2025-09-02,,,,,,,,,,,0,,,,,,,,
MPRO,2025-09-02,,,,,,,,,,,0,,,,,,,,
MPXL,2025-09-02,,,,,,,,,,,0,,,,,,,,
MRAT,2025-09-02,,,,,,,,,,,0,,,,,,,,
MREI,2025-09-02,,,,,,,,,,,0,,,,,,,,
MSIE,2025-09-02,,,,,,,,,,,0,,,,,,,,
MSIN,2025-09-02,,,,,,,,,,,0,,,,,,,,
MSJA,2025-09-02,,,,,,,,,,,0,,,,,,,,
MSKY,2025-09-02,,,,,,,,,,,0,,,,,,,,
MSTI,2025-09-02,,,,,,,,,,,0,,,,,,,,
MTDL,2025-09-02,,,,,,,,,,,0,,,,,,,,
MTEL,2025-09-02,,,,,,,,,,,0,,,,,,,,
MTFN,2025-09-02,,,,,,,,,,,0,,,,,,,,
MTLA,2025-09-02,,,,,,,,,,,0,,,,,,,,
MTMH,2025-09-02,,,,,,,,,,,0,,,,,,,,
MTPS,2025-09-02,,,,,,,,,,,0,,,,,,,,
MTRA,2025-09-02,,,,,,,,,,,0,,,,,,,,
MTSM,2025-09-02,,,,,,,,,,,0,,,,,,,,
MTWI,2025-09-02,,,,,,,,,,,0,,,,,,,,
MUTU,2025-09-02,,,,,,,,,,,0,,,,,,,,
MYOH,2025-09-02,,,,,,,,,,,0,,,,,,,,
MYOR,2025-09-02,,,,,,,,,,,0,,,,,,,,
MYTX,2025-09-02,,,,,,,,,,,0,,,,,,,,
NAIK,2025-09-02,,,,,,,,,,,0,,,,,,,,
NANO,2025-09-02,,,,,,,,,,,0,,,,,,,,
NASA,2025-09-02,,,,,,,,,,,0,,,,,,,,
NASI,2025-09-02,,,,,,,,,,,0,,,,,,,,
NATO,2025-09-02,,,,,,,,,,,0,,,,,,,,
NAYZ,2025-09-02,,,,,,,,,,,0,,,,,,,,
NCKL,2025-09-02,,,,,,,,,,,0,,,,,,,,
NELY,2025-09-02,,,,,,,,,,,0,,,,,,,,
NEST,2025-09-02,,,,,,,,,,,0,,,,,,,,
NETV,2025-09-02,,,,,,,,,,,0,,,,,,,,
NFCX,2025-09-02,,,,,,,,,,,0,,,,,,,,
NICE,2025-09-02,,,,,,,,,,,0,,,,,,,,
NICK,2025-09-02,,,,,,,,,,,0,,,,,,,,
NICL,2025-09-02,,,,,,,,,,,0,,,,,,,,
NIKL,2025-09-02,,,,,,,,,,,0,,,,,,,,
NINE,2025-09-02,,,,,,,,,,,0,,,,,,,,
NIRO,2025-09-02,,,,,,,,,,,0,,,,,,,,
NISP,2025-09-02,,,,,,,,,,,0,,,,,,,,
NOBU,2025-09-02,,,,,,,,,,,0,,,,,,,,
NPGF,2025-09-02,,,,,,,,,,,0,,,,,,,,
NRCA,2025-09-02,,,,,,,,,,,0,,,,,,,,
NSSS,2025-09-02,,,,,,,,,,,0,,,,,,,,
NTBK,2025-09-02,,,,,,,,,,,0,,,,,,,,
NUSA,2025-09-02,,,,,,,,,,,0,,,,,,,,
NZIA,2025-09-02,,,,,,,,,,,0,,,,,,,,
OASA,2025-09-02,,,,,,,,,,,0,,,,,,,,
OBAT,2025-09-02,,,,,,,,,,,0,,,,,,,,
OBMD,2025-09-02,,,,,,,,,,,0,,,,,,,,
OCAP,2025-09-02,,,,,,,,,,,0,,,,,,,,
OILS,2025-09-02,,,,,,,,,,,0,,,,,,,,
OKAS,2025-09-02,,,,,,,,,,,0,,,,,,,,
OLIV,2025-09-02,,,,,,,,,,,0,,,,,,,,
OMED,2025-09-02,,,,,,,,,,,0,,,,,,,,
OMRE,2025-09-02,,,,,,,,,,,0,,,,,,,,
OPMS,2025-09-02,,,,,,,,,,,0,,,,,,,,
PACK,2025-09-02,,,,,,,,,,,0,,,,,,,,
PADA,2025-09-02,,,,,,,,,,,0,,,,,,,,
PADI,2025-09-02,,,,,,,,,,,0,,,,,,,,
PALM,2025-09-02,,,,,,,,,,,0,,,,,,,,
PAMG,2025-09-02,,,,,,,,,,,0,,,,,,,,
PANI,2025-09-02,,,,,,,,,,,0,,,,,,,,
PANR,2025-09-02,,,,,,,,,,,0,,,,,,,,
PANS,2025-09-02,,,,,,,,,,,0,,,,,,,,
PART,2025-09-02,,,,,,,,,,,0,,,,,,,,
PBID,2025-09-02,,,,,,,,,,,0,,,,,,,,
PBRX,2025-09-02,,,,,,,,,,,0,,,,,,,,
PBSA,2025-09-02,,,,,,,,,,,0,,,,,,,,
PCAR,2025-09-02,,,,,,,,,,,0,,,,,,,,
PDES,2025-09-02,,,,,,,,,,,0,,,,,,,,
PDPP,2025-09-02,,,,,,,,,,,0,,,,,,,,
PEGE,2025-09-02,,,,,,,,,,,0,,,,,,,,
PEHA,2025-09-02,,,,,,,,,,,0,,,,,,,,
PEVE,2025-09-02,,,,,,,,,,,0,,,,,,,,
PGAS,2025-09-02,,,,,,,,,,,0,,,,,,,,
PGEO,2025-09-02,,,,,,,,,,,0,,,,,,,,
PGJO,2025-09-02,,,,,,,,,,,0,,,,,,,,
PGLI,2025-09-02,,,,,,,,,,,0,,,,,,,,
PGUN,2025-09-02,,,,,,,,,,,0,,,,,,,,
PICO,2025-09-02,,,,,,,,,,,0,,,,,,,,
PIPA,2025-09-02,,,,,,,,,,,0,,,,,,,,
PJAA,2025-09-02,,,,,,,,,,,0,,,,,,,,
PKPK,2025-09-02,,,,,,,,,,,0,,,,,,,,
PLAN,2025-09-02,,,,,,,,,,,0,,,,,,,,
PLAS,2025-09-02,,,,,,,,,,,0,,,,,,,,
PLIN,2025-09-02,,,,,,,,,,,0,,,,,,,,
PMJS,2025-09-02,,,,,,,,,,,0,,,,,,,,
PMMP,2025-09-02,,,,,,,,,,,0,,,,,,,,
PMUI,2025-09-02,,,,,,,,,,,0,,,,,,,,
PNBN,2025-09-02,,,,,,,,,,,0,,,,,,,,
PNBS,2025-09-02,,,,,,,,,,,0,,,,,,,,
PNGO,2025-09-02,,,,,,,,,,,0,,,,,,,,
PNIN,2025-09-02,,,,,,,,,,,0,,,,,,,,
PNLF,2025-09-02,,,,,,,,,,,0,,,,,,,,
PNSE,2025-09-02,,,,,,,,,,,0,,,,,,,,
POLA,2025-09-02,,,,,,,,,,,0,,,,,,,,
POLI,2025-09-02,,,,,,,,,,,0,,,,,,,,
POLL,2025-09-02,,,,,,,,,,,0,,,,,,,,
POLU,2025-09-02,,,,,,,,,,,0,,,,,,,,
POLY,2025-09-02,,,,,,,,,,,0,,,,,,,,
POOL,2025-09-02,,,,,,,,,,,0,,,,,,,,
PORT,2025-09-02,,,,,,,,,,,0,,,,,,,,
POSA,2025-09-02,,,,,,,,,,,0,,,,,,,,
POWR,2025-09-02,,,,,,,,,,,0,,,,,,,,
PPGL,2025-09-02,,,,,,,,,,,0,,,,,,,,
PPRE,2025-09-02,,,,,,,,,,,0,,,,,,,,
PPRI,2025-09-02,,,,,,,,,,,0,,,,,,,,
PPRO,2025-09-02,,,,,,,,,,,0,,,,,,,,
PRAY,2025-09-02,,,,,,,,,,,0,,,,,,,,
PRDA,2025-09-02,,,,,,,,,,,0,,,,,,,,
PRIM,2025-09-02,,,,,,,,,,,0,,,,,,,,
PSAB,2025-09-02,,,,,,,,,,,0,,,,,,,,
PSAT,2025-09-02,,,,,,,,,,,0,,,,,,,,
PSDN,2025-09-02,,,,,,,,,,,0,,,,,,,,
PSGO,2025-09-02,,,,,,,,,,,0,,,,,,,,
PSKT,2025-09-02,,,,,,,,,,,0,,,,,,,,
PSSI,2025-09-02,,,,,,,,,,,0,,,,,,,,
PTBA,2025-09-02,,,,,,,,,,,0,,,,,,,,
PTDU,2025-09-02,,,,,,,,,,,0,,,,,,,,
PTIS,2025-09-02,,,,,,,,,,,0,,,,,,,,
PTMP,2025-09-02,,,,,,,,,,,0,,,,,,,,
PTMR,2025-09-02,,,,,,,,,,,0,,,,,,,,
PTPP,2025-09-02,,,,,,,,,,,0,,,,,,,,
PTPS,2025-09-02,,,,,,,,,,,0,,,,,,,,
PTPW,2025-09-02,,,,,,,,,,,0,,,,,,,,
PTRO,2025-09-02,,,,,,,,,,,0,,,,,,,,
PTSN,2025-09-02,,,,,,,,,,,0,,,,,,,,
PTSP,2025-09-02,,,,,,,,,,,0,,,,,,,,
PUDP,2025-09-02,,,,,,,,,,,0,,,,,,,,
PURA,2025-09-02,,,,,,,,,,,0,,,,,,,,
PURE,2025-09-02,,,,,,,,,,,0,,,,,,,,
PURI,2025-09-02,,,,,,,,,,,0,,,,,,,,
PWON,2025-09-02,,,,,,,,,,,0,,,,,,,,
PYFA,2025-09-02,,,,,,,,,,,0,,,,,,,,
PZZA,2025-09-02,,,,,,,,,,,0,,,,,,,,
RAAM,2025-09-02,,,,,,,,,,,0,,,,,,,,
RAFI,2025-09-02,,,,,,,,,,,0,,,,,,,,
RAJA,2025-09-02,,,,,,,,,,,0,,,,,,,,
RALS,2025-09-02,,,,,,,,,,,0,,,,,,,,
RANC,2025-09-02,,,,,,,,,,,0,,,,,,,,
RATU,2025-09-02,,,,,,,,,,,0,,,,,,,,
RBMS,2025-09-02,,,,,,,,,,,0,,,,,,,,
RCCC,2025-09-02,,,,,,,,,,,0,,,,,,,,
RDTX,2025-09-02,,,,,,,,,,,0,,,,,,,,
REAL,2025-09-02,,,,,,,,,,,0,,,,,,,,
RELF,2025-09-02,,,,,,,,,,,0,,,,,,,,
RELI,2025-09-02,,,,,,,,,,,0,,,,,,,,
RGAS,2025-09-02,,,,,,,,,,,0,,,,,,,,
RICY,2025-09-02,,,,,,,,,,,0,,,,,,,,
RIGS,2025-09-02,,,,,,,,,,,0,,,,,,,,
RIMO,2025-09-02,,,,,,,,,,,0,,,,,,,,
RISE,2025-09-02,,,,,,,,,,,0,,,,,,,,
RMKE,2025-09-02,,,,,,,,,,,0,,,,,,,,
RMKO,2025-09-02,,,,,,,,,,,0,,,,,,,,
ROCK,2025-09-02,,,,,,,,,,,0,,,,,,,,
RODA,2025-09-02,,,,,,,,,,,0,,,,,,,,
RONY,2025-09-02,,,,,,,,,,,0,,,,,,,,
ROTI,2025-09-02,,,,,,,,,,,0,,,,,,,,
RSCH,2025-09-02,,,,,,,,,,,0,,,,,,,,
RSGK,2025-09-02,,,,,,,,,,,0,,,,,,,,
RUIS,2025-09-02,,,,,,,,,,,0,,,,,,,,
RUNS,2025-09-02,,,,,,,,,,,0,,,,,,,,
SAFE,2025-09-02,,,,,,,,,,,0,,,,,,,,
SAGE,2025-09-02,,,,,,,,,,,0,,,,,,,,
SAME,2025-09-02,,,,,,,,,,,0,,,,,,,,
SAMF,2025-09-02,,,,,,,,,,,0,,,,,,,,
SAPX,2025-09-02,,,,,,,,,,,0,,,,,,,,
SATU,2025-09-02,,,,,,,,,,,0,,,,,,,,
SBAT,2025-09-02,,,,,,,,,,,0,,,,,,,,
SBMA,2025-09-02,,,,,,,,,,,0,,,,,,,,
SCCO,2025-09-02,,,,,,,,,,,0,,,,,,,,
SCMA,2025-09-02,,,,,,,,,,,0,,,,,,,,
SCNP,2025-09-02,,,,,,,,,,,0,,,,,,,,
SCPI,2025-09-02,,,,,,,,,,,0,,,,,,,,
SDMU,2025-09-02,,,,,,,,,,,0,,,,,,,,
SDPC,2025-09-02,,,,,,,,,,,0,,,,,,,,
SDRA,2025-09-02,,,,,,,,,,,0,,,,,,,,
SEMA,2025-09-02,,,,,,,,,,,0,,,,,,,,
SFAN,2025-09-02,,,,,,,,,,,0,,,,,,,,
SGER,2025-09-02,,,,,,,,,,,0,,,,,,,,
SGRO,2025-09-02,,,,,,,,,,,0,,,,,,,,
SHID,2025-09-02,,,,,,,,,,,0,,,,,,,,
SHIP,2025-09-02,,,,,,,,,,,0,,,,,,,,
SICO,2025-09-02,,,,,,,,,,,0,,,,,,,,
SIDO,2025-09-02,,,,,,,,,,,0,,,,,,,,
SILO,2025-09-02,,,,,,,,,,,0,,,,,,,,
SIMA,2025-09-02,,,,,,,,,,,0,,,,,,,,
SIMP,2025-09-02,,,,,,,,,,,0,,,,,,,,
SINI,2025-09-02,,,,,,,,,,,0,,,,,,,,
SIPD,2025-09-02,,,,,,,,,,,0,,,,,,,,
SKBM,2025-09-02,,,,,,,,,,,0,,,,,,,,
SKLT,2025-09-02,,,,,,,,,,,0,,,,,,,,
SKRN,2025-09-02,,,,,,,,,,,0,,,,,,,,
SKYB,2025-09-02,,,,,,,,,,,0,,,,,,,,
SLIS,2025-09-02,,,,,,,,,,,0,,,,,,,,
SMAR,2025-09-02,,,,,,,,,,,0,,,,,,,,
SMBR,2025-09-02,,,,,,,,,,,0,,,,,,,,
SMCB,2025-09-02,,,,,,,,,,,0,,,,,,,,
SMDM,2025-09-02,,,,,,,,,,,0,,,,,,,,
SMDR,2025-09-02,,,,,,,,,,,0,,,,,,,,
SMGA,2025-09-02,,,,,,,,,,,0,,,,,,,,
SMGR,2025-09-02,,,,,,,,,,,0,,,,,,,,
SMIL,2025-09-02,,,,,,,,,,,0,,,,,,,,
SMKL,2025-09-02,,,,,,,,,,,0,,,,,,,,
SMKM,2025-09-02,,,,,,,,,,,0,,,,,,,,
SMLE,2025-09-02,,,,,,,,,,,0,,,,,,,,
SMMA,2025-09-02,,,,,,,,,,,0,,,,,,,,
SMMT,2025-09-02,,,,,,,,,,,0,,,,,,,,
SMRA,2025-09-02,,,,,,,,,,,0,,,,,,,,
SMRU,2025-09-02,,,,,,,,,,,0,,,,,,,,
SMSM,2025-09-02,,,,,,,,,,,0,,,,,,,,
SNLK,2025-09-02,,,,,,,,,,,0,,,,,,,,
SOCI,2025-09-02,,,,,,,,,,,0,,,,,,,,
SOFA,2025-09-02,,,,,,,,,,,0,,,,,,,,
SOHO,2025-09-02,,,,,,,,,,,0,,,,,,,,
SOLA,2025-09-02,,,,,,,,,,,0,,,,,,,,
SONA,2025-09-02,,,,,,,,,,,0,,,,,,,,
SOSS,2025-09-02,,,,,,,,,,,0,,,,,,,,
SOTS,2025-09-02,,,,,,,,,,,0,,,,,,,,
SOUL,2025-09-02,,,,,,,,,,,0,,,,,,,,
SPMA,2025-09-02,,,,,,,,,,,0,,,,,,,,
SPRE,2025-09-02,,,,,,,,,,,0,,,,,,,,
SPTO,2025-09-02,,,,,,,,,,,0,,,,,,,,
SQMI,2025-09-02,,,,,,,,,,,0,,,,,,,,
SRAJ,2025-09-02,,,,,,,,,,,0,,,,,,,,
SRIL,2025-09-02,,,,,,,,,,,0,,,,,,,,
SRSN,2025-09-02,,,,,,,,,,,0,,,,,,,,
SRTG,2025-09-02,,,,,,,,,,,0,,,,,,,,
SSIA,2025-09-02,,,,,,,,,,,0,,,,,,,,
SSMS,2025-09-02,,,,,,,,,,,0,,,,,,,,
SSTM,2025-09-02,,,,,,,,,,,0,,,,,,,,
STAA,2025-09-02,,,,,,,,,,,0,,,,,,,,
STAR,2025-09-02,,,,,,,,,,,0,,,,,,,,
STRK,2025-09-02,,,,,,,,,,,0,,,,,,,,
STTP,2025-09-02,,,,,,,,,,,0,,,,,,,,
SUGI,2025-09-02,,,,,,,,,,,0,,,,,,,,
SULI,2025-09-02,,,,,,,,,,,0,,,,,,,,
SUNI,2025-09-02,,,,,,,,,,,0,,,,,,,,
SUPR,2025-09-02,,,,,,,,,,,0,,,,,,,,
SURE,2025-09-02,,,,,,,,,,,0,,,,,,,,
SURI,2025-09-02,,,,,,,,,,,0,,,,,,,,
SWAT,2025-09-02,,,,,,,,,,,0,,,,,,,,
SWID,2025-09-02,,,,,,,,,,,0,,,,,,,,
TALF,2025-09-02,,,,,,,,,,,0,,,,,,,,
TAMA,2025-09-02,,,,,,,,,,,0,,,,,,,,
TAMU,2025-09-02,,,,,,,,,,,0,,,,,,,,
TAPG,2025-09-02,,,,,,,,,,,0,,,,,,,,
TARA,2025-09-02,,,,,,,,,,,0,,,,,,,,
TAXI,2025-09-02,,,,,,,,,,,0,,,,,,,,
TAYS,2025-09-02,,,,,,,,,,,0,,,,,,,,
TBIG,2025-09-02,,,,,,,,,,,0,,,,,,,,
TBLA,2025-09-02,,,,,,,,,,,0,,,,,,,,
TBMS,2025-09-02,,,,,,,,,,,0,,,,,,,,
TCID,2025-09-02,,,,,,,,,,,0,,,,,,,,
TCPI,2025-09-02,,,,,,,,,,,0,,,,,,,,
TDPM,2025-09-02,,,,,,,,,,,0,,,,,,,,
TEBE,2025-09-02,,,,,,,,,,,0,,,,,,,,
TECH,2025-09-02,,,,,,,,,,,0,,,,,,,,
TELE,2025-09-02,,,,,,,,,,,0,,,,,,,,
TFAS,2025-09-02,,,,,,,,,,,0,,,,,,,,
TFCO,2025-09-02,,,,,,,,,,,0,,,,,,,,
TGKA,2025-09-02,,,,,,,,,,,0,,,,,,,,
TGRA,2025-09-02,,,,,,,,,,,0,,,,,,,,
TGUK,2025-09-02,,,,,,,,,,,0,,,,,,,,
TIFA,2025-09-02,,,,,,,,,,,0,,,,,,,,
TINS,2025-09-02,,,,,,,,,,,0,,,,,,,,
TIRA,2025-09-02,,,,,,,,,,,0,,,,,,,,
TIRT,2025-09-02,,,,,,,,,,,0,,,,,,,,
TKIM,2025-09-02,,,,,,,,,,,0,,,,,,,,
TLDN,2025-09-02,,,,,,,,,,,0,,,,,,,,
TLKM,2025-09-02,,,,,,,,,,,0,CC,0.5574973510512544,36415988000.0,5568293000.0,10.0,10.0,20.0,0.2
TMAS,2025-09-02,,,,,,,,,,,0,,,,,,,,
TMPO,2025-09-02,,,,,,,,,,,0,,,,,,,,
TNCA,2025-09-02,,,,,,,,,,,0,,,,,,,,
TOBA,2025-09-02,,,,,,,,,,,0,,,,,,,,
TOOL,2025-09-02,,,,,,,,,,,0,,,,,,,,
TOPS,2025-09-02,,,,,,,,,,,0,,,,,,,,
TOSK,2025-09-02,,,,,,,,,,,0,,,,,,,,
TOTL,2025-09-02,,,,,,,,,,,0,,,,,,,,
TOTO,2025-09-02,,,,,,,,,,,0,,,,,,,,
TOWR,2025-09-02,,,,,,,,,,,0,,,,,,,,
TOYS,2025-09-02,,,,,,,,,,,0,,,,,,,,
TPIA,2025-09-02,,,,,,,,,,,0,,,,,,,,
TPMA,2025-09-02,,,,,,,,,,,0,,,,,,,,
TRAM,2025-09-02,,,,,,,,,,,0,,,,,,,,
TRGU,2025-09-02,,,,,,,,,,,0,,,,,,,,
TRIL,2025-09-02,,,,,,,,,,,0,,,,,,,,
TRIM,2025-09-02,,,,,,,,,,,0,,,,,,,,
TRIN,2025-09-02,,,,,,,,,,,0,,,,,,,,
TRIO,2025-09-02,,,,,,,,,,,0,,,,,,,,
TRIS,2025-09-02,,,,,,,,,,,0,,,,,,,,
TRJA,2025-09-02,,,,,,,,,,,0,,,,,,,,
TRON,2025-09-02,,,,,,,,,,,0,,,,,,,,
TRST,2025-09-02,,,,,,,,,,,0,,,,,,,,
TRUE,2025-09-02,,,,,,,,,,,0,,,,,,,,
TRUK,2025-09-02,,,,,,,,,,,0,,,,,,,,
TRUS,2025-09-02,,,,,,,,,,,0,,,,,,,,
TSPC,2025-09-02,,,,,,,,,,,0,,,,,,,,
TUGU,2025-09-02,,,,,,,,,,,0,,,,,,,,
TYRE,2025-09-02,,,,,,,,,,,0,,,,,,,,
UANG,2025-09-02,,,,,,,,,,,0,,,,,,,,
UCID,2025-09-02,,,,,,,,,,,0,,,,,,,,
UDNG,2025-09-02,,,,,,,,,,,0,,,,,,,,
UFOE,2025-09-02,,,,,,,,,,,0,,,,,,,,
ULTJ,2025-09-02,,,,,,,,,,,0,,,,,,,,
UNIC,2025-09-02,,,,,,,,,,,0,,,,,,,,
UNIQ,2025-09-02,,,,,,,,,,,0,,,,,,,,
UNIT,2025-09-02,,,,,,,,,,,0,,,,,,,,
UNSP,2025-09-02,,,,,,,,,,,0,,,,,,,,
UNTD,2025-09-02,,,,,,,,,,,0,,,,,,,,
UNTR,2025-09-02,,,,,,,,,,,0,,,,,,,,
UNVR,2025-09-02,,,,,,,,,,,0,,,,,,,,
URBN,2025-09-02,,,,,,,,,,,0,,,,,,,,
UVCR,2025-09-02,,,,,,,,,,,0,,,,,,,,
VAST,2025-09-02,,,,,,,,,,,0,,,,,,,,
VERN,2025-09-02,,,,,,,,,,,0,,,,,,,,
VICI,2025-09-02,,,,,,,,,,,0,,,,,,,,
VICO,2025-09-02,,,,,,,,,,,0,,,,,,,,
VINS,2025-09-02,,,,,,,,,,,0,,,,,,,,
VISI,2025-09-02,,,,,,,,,,,0,,,,,,,,
VIVA,2025-09-02,,,,,,,,,,,0,,,,,,,,
VKTR,2025-09-02,,,,,,,,,,,0,,,,,,,,
VOKS,2025-09-02,,,,,,,,,,,0,,,,,,,,
VRNA,2025-09-02,,,,,,,,,,,0,,,,,,,,
VTNY,2025-09-02,,,,,,,,,,,0,,,,,,,,
WAPO,2025-09-02,,,,,,,,,,,0,,,,,,,,
WEGE,2025-09-02,,,,,,,,,,,0,,,,,,,,
WEHA,2025-09-02,,,,,,,,,,,0,,,,,,,,
WGSH,2025-09-02,,,,,,,,,,,0,,,,,,,,
WICO,2025-09-02,,,,,,,,,,,0,,,,,,,,
WIDI,2025-09-02,,,,,,,,,,,0,,,,,,,,
WIFI,2025-09-02,,,,,,,,,,,0,,,,,,,,
WIIM,2025-09-02,,,,,,,,,,,0,,,,,,,,
WIKA,2025-09-02,,,,,,,,,,,0,,,,,,,,
WINE,2025-09-02,,,,,,,,,,,0,,,,,,,,
WINR,2025-09-02,,,,,,,,,,,0,,,,,,,,
WINS,2025-09-02,,,,,,,,,,,0,,,,,,,,
WIRG,2025-09-02,,,,,,,,,,,0,,,,,,,,
WMPP,2025-09-02,,,,,,,,,,,0,,,,,,,,
WMUU,2025-09-02,,,,,,,,,,,0,,,,,,,,
WOMF,2025-09-02,,,,,,,,,,,0,,,,,,,,
WOOD,2025-09-02,,,,,,,,,,,0,,,,,,,,
WOWS,2025-09-02,,,,,,,,,,,0,,,,,,,,
WSBP,2025-09-02,,,,,,,,,,,0,,,,,,,,
WSKT,2025-09-02,,,,,,,,,,,0,,,,,,,,
WTON,2025-09-02,,,,,,,,,,,0,,,,,,,,
YELO,2025-09-02,,,,,,,,,,,0,,,,,,,,
YOII,2025-09-02,,,,,,,,,,,0,,,,,,,,
YPAS,2025-09-02,,,,,,,,,,,0,,,,,,,,
YULE,2025-09-02,,,,,,,,,,,0,,,,,,,,
YUPI,2025-09-02,,,,,,,,,,,0,,,,,,,,
ZATA,2025-09-02,,,,,,,,,,,0,,,,,,,,
ZBRA,2025-09-02,,,,,,,,,,,0,,,,,,,,
ZINC,2025-09-02,,,,,,,,,,,0,,,,,,,,
ZONE,2025-09-02,,,,,,,,,,,0,,,,,,,,
ZYRX,2025-09-02,,,,,,,,,,,0,,,,,,,,
